ID,No.,Type,Rarity,Name,Level,Total Exp,Current Exp,Required Exp,Link,MOD,Max HP,HP,Damage,Accuracy,Evasion,Rate of Fire,Move Speed,Armor,Rounds,Crit.Damage,Skill1,Skill2,Equip1,Equip2,Equip3,Affection,Oathed,Oathed Datetime,Locked
1616970,20002,HG,★★★★,M1911 Mod,115,10083300,-,-,x5,Mod2,370,370,31,57,85,58,15,0,0,20,10,10,,,,150,Oathed,2020-02-29 10:36,Locked
1616971,20005,HG,★★★★,M1895 Mod,115,10083300,-,-,x5,Mod2,355,355,39,53,109,45,15,0,0,20,10,10,,,,150,Oathed,2020-09-01 14:20,Locked
1616972,9,HG,★★,P38,35,71013,0,0,x3,,135,135,18,23,37,45,15,0,0,20,1,0,,,,100,,,Locked
1618967,90,HG,★★,FF FNP9,33,60909,0,0,x3,,120,120,18,24,37,48,15,0,0,20,1,0,,,,100,,,Locked
1618976,10,HG,★★,PPK,44,153829,0,0,x3,,123,123,17,32,54,51,15,0,0,20,2,0,,,,100,,,Locked
1618978,20071,AR,★★★★,Galil Mod,115,10086944,0,0,x5,Mod3,630,630,61,57,51,66,10,0,0,20,10,10,,,Galil Special Handguards,200,Oathed,2021-01-08 10:33,Locked
1619085,29,SMG,★★★,STEN MkⅡ,54,295101,0,0,x3,,426,426,19,10,48,66,12,0,0,5,3,0,,,,100,,,Locked
1619168,25,SMG,★★,MP40,11,6535,0,0,x2,,204,204,14,5,15,55,12,0,0,5,2,0,,,,100,,,Locked
1620037,20075,MG,★★★★★,M1918 Mod,115,10083300,-,-,x5,Mod2,800,800,110,38,38,115,4,0,8,5,10,10,Mk211 High-Explosive Armor-Piercing Ammo,VFL 6-24X56,Titan Fire-Control Chip,150,Oathed,2020-04-07 14:00,Locked
1620372,106,AR,★★★★★,FAL,100,3263300,-,-,x5,,660,660,60,46,40,72,10,0,0,20,10,0,,,,100,,,Locked
1644594,92,SMG,★★,Spectre M4,38,95935,0,0,x3,,363,363,17,7,33,73,12,0,0,5,2,0,,,,100,,,Locked
1647229,40,RF,★★,SVT-38,1,0,0,0,x1,,42,42,46,9,6,24,7,0,0,40,1,0,,,,100,,,Locked
1647432,20044,RF,★★★★,SV-98 Mod,115,10083300,-,-,x5,Mod2,430,430,140,88,32,37,7,0,0,40,10,10,,,,150,Oathed,2020-04-15 10:10,Locked
1647523,107,AR,★★,FF F2000,12,7250,0,0,x2,,118,118,20,12,11,60,10,0,0,20,2,0,,,,100,,,Locked
1647601,74,AR,★★,SIG-510,1,0,0,0,x1,,58,58,21,6,6,39,10,0,0,20,2,0,,,,100,,,Locked
1647654,27,SMG,★★★,Skorpion,100,3263300,-,-,x5,,795,795,26,14,88,95,12,0,0,5,10,0,,RIP380ACP,,100,,,Locked
1647749,20063,AR,★★★★,Gr G3 Mod,115,10083300,-,-,x5,Mod2,565,565,64,60,43,64,10,0,0,20,10,10,,,,150,Oathed,2021-05-08 09:27,Locked
1647841,20065,AR,★★★★★★,416 Mod,115,10909014,0,0,x5,Mod3,620,620,63,59,55,78,10,0,0,20,10,10,,,Tactical Headwear,200,Oathed,1970-01-01 01:00,Locked
1647907,93,SMG,★★,IDW,15,10540,0,0,x2,,172,172,13,5,23,53,12,0,0,5,2,0,,,,100,,,Locked
1647954,87,MG,★★,MG34,1,0,0,0,x1,,83,83,34,4,5,83,4,0,10,5,1,0,,,,100,,,Locked
1647989,105,AR,★★★,OTs-12,90,1977765,2365,110235,x5,,500,500,42,53,53,70,10,0,0,20,8,0,,,,100,,,Locked
1648021,110,MG,★★,FG42,36,76471,0,0,x3,,303,303,55,14,16,97,4,0,8,5,2,0,,,,100,,,Locked
1648147,86,MG,★★★,MG42,30,46499,0,0,x3,,321,321,54,10,12,103,4,0,10,5,1,0,,,,100,,,Locked
1648253,82,MG,★★,DP28,1,0,0,0,x1,,71,71,33,5,5,76,4,0,9,5,2,0,,,,100,,,Locked
1648374,58,AR,★★★,AK-47,37,82637,0,0,x3,,270,270,34,17,17,53,10,0,0,20,1,0,,,,100,,,Locked
1648539,33,SMG,★★,m45,1,0,0,0,x1,,93,93,13,3,10,52,12,0,0,5,2,0,,,,100,,,Locked
1685692,20091,HG,★★★★,MP-446 Mod,115,10083300,-,-,x5,Mod2,340,340,33,63,87,60,15,0,0,20,10,10,,,,150,Oathed,2021-02-08 18:06,Locked
1686292,14,HG,★★★,Astra,90,1975681,281,112319,x5,,380,380,33,44,66,50,15,0,0,20,8,0,,.357 Jacketed Hollow Point Rounds,,100,,,Locked
1686489,17,SMG,★★,M3,14,9975,0,0,x2,,210,210,15,5,18,49,12,0,0,5,2,0,,,,100,,,Locked
1690764,99,HG,★★★★,Gr Mk23,100,3263300,-,-,x5,,400,400,31,56,70,63,15,0,0,20,10,0,AC4 Suppressor,16Lab Hollow-Point,IOP T4 Exoskeleton,100,,,Locked
1730363,31,SMG,★★,M38,1,0,0,0,x1,,102,102,13,3,8,52,12,0,0,5,1,0,,,,100,,,Locked
1730378,118,AR,★★★★,9A-91,100,3263300,-,-,x5,,580,580,47,54,55,78,10,0,0,20,10,0,PEQ-16A,16Lab High-Velocity Ammo,9A High-Performance Chip,150,Oathed,2018-05-21 10:00,Locked
1730458,3,HG,★★★,M9,60,420251,0,0,x3,,183,183,24,39,46,53,15,0,0,20,1,0,,,,100,,,Locked
1770674,77,MG,★★★,M2HB,100,3263300,-,-,x5,,1075,1075,108,19,17,100,4,0,10,5,10,0,,,,100,,,Locked
1772353,47,RF,★★,G43,1,0,0,0,x1,,40,40,44,9,5,27,7,0,0,40,2,0,,,,100,,,Locked
1815971,24,SMG,★★,PP-2000,2,150,0,0,x1,,80,80,14,4,13,58,12,0,0,5,2,0,,,,100,,,Locked
1838358,41,RF,★★,SKS,1,0,0,0,x1,,47,47,41,9,6,24,7,0,0,40,2,0,,,,100,,,Locked
1888520,20060,AR,★★★★★,AS Val Mod,115,10236844,0,0,x5,Mod3,675,675,49,58,58,76,10,0,0,20,10,10,,SP6 Subsonic Ammo,,200,Oathed,2020-03-28 10:13,Locked
1989373,52,RF,★★,VM59,1,0,0,0,x1,,49,49,46,9,5,27,7,0,0,40,2,0,,,,100,,,Locked
2120922,11,HG,★★★,P08,100,3263300,-,-,x5,,350,350,33,49,84,55,15,0,0,20,1,0,,,,100,,,Locked
2189587,68,AR,★★,L85A1,1,0,0,0,x1,,47,47,17,6,6,52,10,0,0,20,1,0,,,,100,,,Locked
2243728,69,AR,★★★★,Fr FAMAS,43,138447,0,0,x3,,261,261,31,27,23,67,10,0,0,20,1,0,,,,100,,,Locked
2280085,115,SMG,★★★★★,Suomi,100,3263300,-,-,x5,,1100,1100,30,16,59,93,12,0,0,5,10,0,Mk31 Multi-functional Exoskeleton,,,100,,,Locked
2280145,18,SMG,★★★,Ingram,36,76734,0,0,x3,,360,360,18,7,32,73,12,0,0,5,2,0,,,,100,,,Locked
2280159,20032,SMG,★★★★,Micro Uzi Mod,116,12649890,366590,2633410,x5,Mod3,880,880,29,15,95,104,12,0,0,5,10,10,IOP X4 Exoskeleton,16Lab Hollow-Point,EOT 518,200,Oathed,2019-12-01 22:36,Locked
2280179,21,SMG,★★,PPSh-41,1,0,0,0,x1,,97,97,11,3,9,65,12,0,0,5,2,0,,,,100,,,Locked
2280213,20026,SMG,★★★★★,Gr MP5 Mod,115,10083300,0,0,x5,Mod3,900,900,36,17,82,90,12,0,0,5,10,10,GSG UX Exoskeleton,,LED Weapon Light,200,Oathed,2020-11-05 14:26,Locked
2280550,12,HG,★★★,C96,49,211295,0,0,x3,,186,186,23,25,36,53,15,0,0,20,1,0,,,,100,,,Locked
2302773,94,SMG,★★,Type64,2,225,0,0,x1,,89,89,13,4,11,66,12,0,0,5,1,0,,,,100,,,Locked
2329611,133,AR,★★,Type63,1,0,0,0,x1,,50,50,20,6,6,50,10,0,0,20,1,0,,,,100,,,Locked
2363830,20055,AR,★★★★★,M4A1 Mod,120,30283300,-,-,x5,Mod3,565,565,58,58,58,80,10,0,0,20,10,10,VFL 6-24X56,16Lab High-Velocity Ammo,Inherited Case,200,Oathed,2019-11-14 09:20,Locked
2426425,15,HG,★★★,G17,48,199480,0,0,x3,,141,141,21,34,51,51,15,0,0,20,1,0,,,,100,,,Locked
3160656,22,SMG,★★★,PPS-43,14,10260,0,0,x2,,200,200,17,5,18,55,12,0,0,5,2,0,,,,100,,,Locked
3160880,39,RF,★★★★,Mosin-Nagant,90,1976926,0,0,x5,,420,420,130,82,37,29,7,0,0,40,8,0,,,Hayha Memory Chip,100,,,Locked
3452798,34,RF,★★★,M1 Garand,40,110536,0,0,x3,,186,186,80,32,15,31,7,0,0,40,1,0,,,,100,,,Locked
3452868,20037,RF,★★★★,M14 Mod,115,10553496,0,0,x5,Mod3,430,430,127,84,33,44,7,0,0,40,10,10,,M2 Bipod,,200,Oathed,2020-02-29 10:35,Locked
3522847,48,RF,★★★★★,WA2000,100,3263300,-,-,x5,,440,440,137,87,32,39,7,0,0,40,10,0,,,,100,,,Locked
3646544,61,AR,★★★,StG44,90,1977000,0,0,x5,,605,605,52,45,35,59,10,0,0,20,8,0,,,,100,,,Locked
3700981,46,RF,★★★★★,Kar98k,90,1977542,0,0,x5,,400,400,133,75,40,33,7,0,0,40,8,0,,PM 5-25X56,,100,,,Locked
3996511,20,SMG,★★★★★,Vector,100,3263300,-,-,x5,,925,925,32,12,75,101,12,0,0,5,10,0,,,,100,,,Locked
4267957,20056,AR,★★★★★,M4 SOPMOD II Mod,117,18063674,2780374,1219626,x5,Mod3,565,565,60,58,53,79,10,0,0,30,10,10,EOT 518,Dinergate RO,APCR High-Velocity Ammo,200,Oathed,2020-02-19 15:14,Locked
4341478,20007,HG,★★★★★,Stechkin Mod,115,10083300,-,-,x5,Mod2,425,425,35,57,75,66,15,0,0,20,10,10,,,,150,Oathed,2021-03-11 09:35,Locked
4341546,8,HG,★★★,Makarov,49,211328,0,0,x3,,141,141,19,36,55,50,15,0,0,20,2,0,,,,100,,,Locked
4416682,114,HG,★★★★★,Welrod MkⅡ,100,3263300,-,-,x5,,400,400,30,75,95,52,15,0,0,40,10,0,,,,100,,,Locked
4910087,142,HG,★★★★★,Five-seven,100,3263300,-,-,x5,,315,315,33,60,102,66,15,0,0,20,10,0,,,,100,,,Locked
5090162,72,AR,★★★★,TAR-21,90,1976500,0,0,x5,,500,500,49,47,44,77,10,0,0,20,8,0,,,Tactical Earphones,100,,,Locked
7148884,20053,RF,★★★★★★,NTW-20 Mod,115,10191424,0,0,x5,Mod3,475,475,195,94,35,32,7,0,0,40,10,10,20mm HEI,,,200,Oathed,2020-02-17 12:55,Locked
7265998,89,MG,★★★,Bren,1,0,0,0,x1,,87,87,34,5,5,69,4,0,8,5,1,0,,,,100,,,Locked
7367131,66,AR,★★★★,Type56-1,2,150,0,0,x1,,70,70,23,7,7,49,10,0,0,20,1,0,,,,100,,,Locked
8456104,42,RF,★★★★,PTRD,70,705000,0,0,x4,,316,316,134,58,24,25,7,0,0,40,1,0,,,,100,,,Locked
8679580,20101,SMG,★★★★★,UMP9 Mod,115,10083300,0,2200000,x5,Mod3,900,900,34,20,96,87,12,0,0,5,10,10,IOP T4 Exoskeleton,ILM Hollow-Point Ammo,AMP COMPSP,200,Oathed,2020-05-05 13:55,Locked
8679612,80,MG,★★★,M1919A4,70,724581,0,0,x4,,616,616,82,21,18,90,4,0,9,5,1,0,,,,100,,,Locked
9544166,170,AR,★★★,ASh-12.7,1,0,0,0,x1,,55,55,24,6,5,39,10,0,0,20,1,0,,,,100,,,Locked
9855667,20103,SMG,★★★★★,UMP45 Mod,116,12648838,365538,2634462,x5,Mod3,970,970,34,17,88,83,12,0,0,5,10,10,UMP UX Exoskeleton,ILM Hollow-Point Ammo,Additional Computing Module,200,Oathed,2019-07-25 14:03,Locked
10004623,20057,AR,★★★★★,ST AR-15 Mod,118,22194900,2911600,2088400,x5,Mod3,535,535,57,64,60,78,10,0,0,20,10,10,Lightweight Rail Kit,16Lab 6-24X56,.300BLK High-Velocity Ammo,200,Oathed,2019-11-30 14:53,Locked
10410693,20095,RF,★★★★,Type88 Mod,115,10086600,0,0,x5,Mod3,520,520,135,79,44,37,7,0,0,40,10,10,Magnetic Accelerated Rounds,Acceleration Coil,,200,Oathed,2020-09-22 16:33,Locked
10769262,70,AR,★★★,FF FNC,1,0,0,0,x1,,55,55,20,7,6,50,10,0,0,20,2,0,,,,100,,,Locked
10997014,161,SG,★★★★,Type97S,40,106669,0,0,x3,,552,552,23,7,8,23,6,10,3,40,1,0,,,,100,,,Locked
12500526,158,SG,★★★,KS-23,27,35726,0,0,x2,,348,348,25,5,5,20,6,8,3,40,1,0,,,,100,,,Locked
12628947,54,AR,★★★★,M16A1,100,3263300,-,-,x5,,605,605,50,49,47,75,10,0,0,20,4,0,APCR High-Velocity Ammo,Type 3 Armor Plate,Special Warfare Mobile Suit,100,,,Locked
12904352,20001,HG,★★★★★,SAA Mod,115,11237744,1154444,1045556,x5,Mod3,410,410,43,58,91,50,15,0,0,20,10,10,SAA Long Barrel,ILM Hollow-Point Ammo,IOP X4 Exoskeleton,200,Oathed,2020-05-01 11:01,Locked
14228875,116,SMG,★★★,Z-62,30,44730,0,0,x3,,327,327,17,7,32,60,12,0,0,5,4,0,,,,100,,,Locked
14259299,98,HG,★★★★,SPP-1,40,112300,0,0,x3,,159,159,23,31,37,38,15,0,0,20,4,0,,,,100,,,Locked
14517311,124,RF,★★★,Super SASS,1,0,0,0,x1,,44,44,48,10,5,27,7,0,0,40,2,0,,,,100,,,Locked
14944086,43,RF,★★★★,SVD,90,1976420,0,0,x5,,380,380,129,77,32,36,7,0,0,40,8,0,,,,100,,,Locked
15090161,20081,MG,★★★★,LWMMG Mod,115,10083300,-,-,x5,Mod2,885,885,113,30,27,92,4,0,10,5,10,10,Mk211 High-Explosive Armor-Piercing Ammo,EOT 518,IOP Maximum Ammo Box,150,Oathed,2020-04-07 14:00,Locked
15171156,111,MG,★★,AAT-52,1,0,0,0,x1,,91,91,36,5,5,87,4,0,10,5,1,0,,,,100,,,Locked
15175472,120,AR,★★★,ARX-160,1,0,0,0,x1,,50,50,19,7,7,50,10,0,0,20,1,0,,,,100,,,Locked
15497406,13,HG,★★★,Type92,1,0,0,0,x1,,32,32,13,7,12,42,15,0,0,20,2,0,,,,100,,,Locked
16197258,119,AR,★★★★★,OTs-14,100,3263300,-,-,x5,,550,550,52,57,57,75,10,0,0,20,10,0,,,,100,,,Locked
18643589,96,HG,★★★★★,Grizzly,100,3263300,-,-,x5,,430,430,40,54,70,54,15,0,0,20,10,0,,,MkV Mobility Skeleton,100,,,Locked
20001959,144,SMG,★★★,MT-9,1,0,0,0,x1,,102,102,11,3,10,63,12,0,0,5,1,0,,,,100,,,Locked
20028463,16,SMG,★★★★★,Thompson,90,2004071,0,0,x5,,1130,1130,32,12,54,80,12,0,0,5,8,0,Thompson's Exoskeleton,,,100,,,Locked
20029060,166,HG,★★★★★,CZ75,100,3263300,-,-,x5,,330,330,36,66,78,66,15,0,0,20,10,0,,,,100,,,Locked
20961298,88,MG,★★★★,MG3,1,0,0,0,x1,,99,99,34,5,4,90,4,0,10,5,1,0,,,,100,,,Locked
21478824,108,AR,★★★,CZ-805,1,0,0,0,x1,,58,58,17,8,7,52,10,0,0,20,1,0,,,,100,,,Locked
25143842,129,AR,★★★★★,Type95,90,1978276,0,0,x5,,550,550,55,51,45,69,10,0,0,20,8,0,Advanced Infantry Sight,,,100,,,Locked
25603651,84,MG,★★★,RPD,1,0,0,0,x1,,83,83,30,5,5,80,4,0,8,5,1,0,,,,100,,,Locked
25767227,139,HG,★★,Bren Ten,1,0,0,0,x1,,35,35,13,8,10,40,15,0,0,20,2,0,,,,100,,,Locked
26237051,175,AR,★★★★★,ART556,76,1036935,0,0,x4,,408,408,47,45,41,63,10,0,0,20,10,0,,,,100,,,Locked
27520703,127,SMG,★★★★★,Type79,100,3263300,-,-,x5,,970,970,34,13,74,88,12,0,0,5,4,0,,S&B762,,100,,,Locked
27641597,153,SG,★★★★,M37,90,1977125,0,0,x5,,1205,1205,33,12,12,26,6,20,4,40,8,0,,,,100,,,Locked
29636090,19,SMG,★★★,FMG-9,1,0,0,0,x1,,71,71,11,3,13,63,12,0,0,5,2,0,,,,100,,,Locked
30129328,192,RF,★★★★★,JS05,42,128000,0,0,x3,,192,192,101,45,17,25,7,0,0,40,1,0,,,,100,,,Locked
30420423,132,HG,★★★,Type59,1,0,0,0,x1,,30,30,11,8,12,40,15,0,0,20,1,0,,,,100,,,Locked
30835262,50,RF,★★★★★,Lee Enfield,100,3263300,-,-,x5,,400,400,142,82,42,36,7,0,0,40,10,0,,No32 MKI,,100,,,Locked
32540779,148,RF,★★★★★,IWS 2000,91,2089172,0,0,x5,,420,420,160,76,29,31,7,0,0,40,10,0,,,,100,,,Locked
33243734,141,HG,★★,Gr USPCompact,3,374,0,0,x1,,34,34,11,11,14,45,15,0,0,20,1,0,,,,100,,,Locked
33792505,171,AR,★★★★,Ribeyrolles,91,2116979,0,0,x5,,525,525,63,42,39,61,10,0,0,20,10,0,,,,100,,,Locked
34270615,131,SMG,★★★,EVO 3,11,5750,0,0,x2,,214,214,12,5,17,68,12,0,0,5,1,0,,,,100,,,Locked
34270640,126,HG,★★★★★,NZ75,70,705708,0,0,x4,,248,248,29,49,57,57,15,0,0,20,1,0,,,,100,,,Locked
36183302,150,SMG,★★★★,Shipka,1,0,0,0,x1,,84,84,10,3,11,65,12,0,0,5,1,0,,,,100,,,Locked
36406642,1001,HG,★★★★★,Noel,1,0,0,100,x1,,30,30,15,9,11,44,15,0,0,20,2,0,,,,100,,,Locked
36504588,1002,SG,★★★★★,Elphelt,94,2549613,102913,23787,x5,,1335,1335,37,13,10,28,6,22,5,40,8,0,,,,100,,,Locked
36658818,20064,AR,★★★★★,Gr G36 Mod,115,10083300,-,-,x5,Mod2,645,645,57,53,49,75,10,0,0,20,10,10,,,,150,Oathed,2019-07-25 13:57,Locked
37616690,134,AR,★★★,AR70,1,0,0,0,x1,,55,55,19,7,6,48,10,0,0,20,1,0,,,,100,,,Locked
54349519,138,AR,★★★,6P62,1,0,0,0,x1,,61,61,26,6,5,36,10,0,0,20,1,0,,,,100,,,Locked
54349870,128,RF,★★★★★,M99,100,3263300,-,-,x5,,440,440,165,86,34,32,7,0,0,40,10,0,,,,100,,,Locked
54445582,123,HG,★★★,P99,1,0,0,0,x1,,30,30,13,9,13,42,15,0,0,20,1,0,,,,100,,,Locked
54445772,100,HG,★★★★,P7,1,0,0,0,x1,,32,32,13,9,12,42,15,0,0,20,1,0,,,,100,,,Locked
54519130,177,SMG,★★★★,KLIN,70,710240,0,0,x4,,648,648,23,9,58,87,12,0,0,5,4,0,,,,100,,,Locked
54877933,179,RF,★★★★★,Gd DSR-50,30,45825,0,0,x3,,159,159,91,35,14,24,7,0,0,40,1,0,,,,100,,,Locked
54877998,135,SMG,★★★★★,SR-3MP,100,3263300,-,-,x5,,970,970,33,13,71,90,12,0,0,5,10,0,,,,100,,,Locked
55575392,188,SG,★★★★★,S.A.T.8,100,3263300,-,-,x5,,1410,1410,31,14,13,33,6,22,4,40,10,0,Type 3 Armor Plate,#000 Buckshot,ITI MARS,100,,,Locked
56401655,79,MG,★★★,FF M249SAW,1,0,0,0,x1,,79,79,28,5,5,90,4,0,8,5,1,0,,,,100,,,Locked
57254879,147,RF,★★★,SSG 69,1,0,0,0,x1,,40,40,50,11,6,20,7,0,0,40,2,0,,,,100,,,Locked
57898683,212,HG,★★★★,K5,91,2101598,0,0,x5,,315,315,29,51,79,60,15,0,0,40,10,0,,,,100,,,Locked
58081004,176,SMG,★★★,TMP,41,117000,0,0,x3,,315,315,19,8,40,76,12,0,0,5,2,0,,,,100,,,Locked
58426754,35,RF,★★★,M1A1,2,270,0,0,x1,,43,43,38,12,8,27,7,0,0,40,2,0,,,,100,,,Locked
59693048,62,AR,★★★★★,Gr G41,100,3263300,-,-,x5,,635,635,53,51,42,77,10,0,0,20,10,0,,,Hi-Performance Tactical Hair Accessory,100,,,Locked
62445464,222,RF,★★★★★,TAC-50,90,1978200,0,0,x5,,410,410,160,84,32,31,7,0,0,40,8,0,,,,150,Oathed,2019-08-24 11:22,Locked
63177168,20143,SMG,★★★★★★,RO635 Mod,115,12023812,1940512,259488,x5,Mod3,1035,946,34,18,88,97,12,0,0,5,10,10,Beloved Dangle,ILM Hollow-Point Ammo,AC4 Suppressor,200,Oathed,2021-05-06 16:55,Locked
64103963,113,HG,★★★,Serdyukov,1,50,0,0,x1,,35,35,13,9,10,40,15,0,0,20,2,0,,,,100,,,Locked
64732170,125,MG,★★★★★,Gr MG4,11,6000,0,0,x2,,200,200,36,8,8,95,4,0,9,5,1,0,,,,100,,,Locked
64771138,173,MG,★★★★★,PKP,90,1998192,0,0,x5,,785,785,94,31,29,123,4,0,10,5,10,0,16Lab Sub-Caliber Armor-Piercing Ammo,VFL 6-24X56,IOP Maximum Ammo Box,100,,,Locked
64877111,248,HG,★★★★,Jericho,1,0,0,0,x1,,38,38,13,8,10,42,15,0,0,20,1,0,,,,100,,,Locked
64901112,168,HG,★★★★,Spitfire,90,1983209,0,0,x5,,330,330,33,58,69,58,15,0,0,20,8,0,,,,100,,,Locked
66161203,7,HG,★★★★,Stechkin,30,45000,0,0,x3,,162,162,17,19,28,51,15,0,0,20,1,0,,,,100,,,Locked
66591198,117,RF,★★★★,Gr PSG-1,1,0,0,0,x1,,47,47,50,11,5,27,7,0,0,40,1,0,,,,100,,,Locked
67209023,146,RF,★★★★,Gr G28,70,708690,0,0,x4,,300,300,101,62,24,35,7,0,0,40,8,0,,,,100,,,Locked
68182763,191,SMG,★★★,M12,1,0,0,0,x1,,102,102,11,3,9,52,12,0,0,5,2,0,,,,100,,,Locked
70543467,1022,SG,★★★★★,Dana Zane,1,0,0,0,x1,,135,135,16,3,3,18,6,3,1,40,4,0,,,,100,,,Locked
70580151,1017,HG,★★★★★,Jill Stingray,100,3263300,-,-,x5,,400,400,32,56,101,55,15,0,0,20,10,0,Flanergide,Bronson Extract,Karmotrine,100,,,Locked
70657788,1019,SMG,★★★★★,Dorothy Haze,100,3263300,-,-,x5,,880,880,31,17,96,79,12,0,0,5,10,0,,MIRD Class-5 Rounds,,150,Oathed,2019-08-21 13:45,Locked
70710012,1018,HG,★★★★★,Sei Asagiri,100,3263300,-,-,x5,,425,425,32,62,81,53,15,0,0,20,10,0,,,White Knight's Armor,100,,,Locked
70784037,1020,RF,★★★★★,Stella Hoshii,92,2217354,0,0,x5,,435,435,117,82,35,34,7,0,0,40,10,0,,,Prosthetic Eye,100,,,Locked
70867166,185,MG,★★★★,Ameli,1,0,0,0,x1,,71,71,28,5,6,94,4,0,8,5,4,0,,,,100,,,Locked
71060637,151,SG,★★★★★,M1887,1,0,0,0,x1,,138,138,15,3,3,15,6,3,4,40,1,0,,,,100,,,Locked
71162375,1021,MG,★★★★★,Alma Armas,1,0,0,100,x1,,98,98,34,5,4,87,4,0,9,5,4,0,,,,100,,,Locked
71185006,99,HG,★★★★,Gr Mk23,90,2032980,0,0,x5,,380,380,29,51,63,62,15,0,0,20,10,0,,,,100,,,Locked
71852903,20097,HG,★★★★★★,M950A Mod,115,10117988,0,0,x5,Mod3,400,400,37,66,88,72,15,0,0,20,10,10,WML & Tactical Handguard,,,200,Oathed,2020-04-08 07:25,Locked
71914008,236,AR,★★★★★,K11,90,1977015,0,0,x5,,640,640,52,53,36,73,10,0,0,20,8,0,,,,100,,,Locked
72225665,114,HG,★★★★★,Welrod MkⅡ,91,2166537,78537,37563,x5,,380,380,28,70,88,50,15,0,0,40,10,0,,,,100,,,Locked
72545083,96,HG,★★★★★,Grizzly,100,3263300,-,-,x5,,430,430,40,54,70,54,15,0,0,20,10,0,,,,100,,,Locked
73008432,201,RF,★★★,Gepard M1,10,4500,0,0,x2,,96,96,63,18,8,21,7,0,0,40,2,0,,,,100,,,Locked
75910696,233,HG,★★★★★,Px4 Storm,100,3263300,-,-,x5,,340,340,37,73,98,57,15,0,0,20,10,0,ImpulsIIA/C,,,100,,,Locked
75911940,228,SMG,★★★★★,100 Shiki,30,45000,0,0,x3,,411,411,18,7,28,59,12,0,0,5,1,0,,,,100,,,Locked
75912456,216,AR,★★★★,XM8,90,1975800,400,112200,x5,,515,515,48,45,40,76,10,0,0,20,8,0,,,,100,,,Locked
77085396,211,RF,★★★★★,SRS,10,4950,0,0,x2,,96,96,58,18,8,25,7,0,0,40,4,0,,,,100,,,Locked
78668109,182,RF,★★★,wz.29,1,0,0,0,x1,,49,49,46,10,6,22,7,0,0,40,2,0,,,,100,,,Locked
79125810,247,RF,★★★★,K31,90,1977000,0,0,x5,,370,370,124,75,36,38,7,0,0,40,8,0,,,,100,,,Locked
79125883,184,RF,★★★★,T-5000,90,1977000,1600,111000,x5,,430,430,124,81,28,34,7,0,0,40,8,0,,,,100,,,Locked
79126289,197,RF,★★★★★,Carcano M1891,100,3263300,-,-,x5,,400,400,145,90,45,34,7,0,0,40,8,0,,,,100,,,Locked
79127252,257,RF,★★★★★,M200,91,2146459,0,0,x5,,420,420,150,98,32,33,7,0,0,40,10,0,,,,150,Oathed,2020-06-04 14:52,Locked
79127911,104,SMG,★★★★★,Gr G36c,90,2003870,0,0,x5,,965,965,32,13,63,81,12,0,0,5,10,0,,,,100,,,Locked
79128934,237,AR,★★★★,SAR-21,90,1980000,0,0,x5,,550,550,45,46,37,78,10,0,0,20,8,0,,,,100,,,Locked
79129147,215,AR,★★★★★,MDR,90,1977060,0,0,x5,,565,565,55,49,40,74,10,0,0,20,8,0,BPR4 & SRM6,,,100,,,Locked
79130739,173,MG,★★★★★,PKP,30,45000,0,0,x3,,321,321,56,13,13,99,4,0,10,5,1,0,,,,100,,,Locked
79131317,149,MG,★★★★,AEK-999,1,0,0,0,x1,,83,83,36,5,5,83,4,0,10,5,1,0,,,,100,,,Locked
79363077,186,HG,★★★,P226,1,0,0,0,x1,,37,37,12,9,10,42,15,0,0,20,1,0,,,,100,,,Locked
79444738,212,HG,★★★★,K5,30,45000,0,0,x3,,129,129,18,23,34,49,15,0,0,40,1,0,,,,100,,,Locked
79944856,221,HG,★★★,GSh-18,10,5000,0,0,x2,,76,76,16,12,20,38,15,0,0,20,2,0,,,,100,,,Locked
80029029,130,AR,★★★★★,Type97,70,705112,0,0,x4,,392,392,47,40,36,65,10,0,0,20,1,0,,,,100,,,Locked
84057726,193,AR,★★★,T65,1,0,0,0,x1,,62,62,21,7,6,52,10,0,0,20,2,0,,,,100,,,Locked
84274130,73,AR,★★★★★,AUG,93,2396250,72650,50450,x5,,585,585,55,56,46,73,10,0,0,30,10,0,PEQ-16A,APCR High-Velocity Ammo,IOP T4 Exoskeleton,100,,,Locked
84285534,20136,SMG,★★★★★,PP-19 Mod,115,10083300,-,-,x5,Mod2,945,945,30,16,87,91,12,0,0,5,10,10,,,,150,Oathed,2020-12-21 22:32,Locked
84318830,180,RF,★★★★,PzB39,30,44500,0,0,x3,,165,165,83,29,13,25,7,0,0,40,1,0,,,,100,,,Locked
84324508,166,HG,★★★★★,CZ75,1,0,0,0,x1,,33,33,13,9,10,44,15,0,0,20,1,0,,,,100,,,Locked
84343199,6,HG,★★★,Tokarev,40,111743,0,0,x3,,180,180,21,25,34,42,15,0,0,20,2,0,,,,100,,,Locked
84509767,162,SG,★★★★,SPAS-12,100,3263300,-,-,x5,,1375,1375,35,12,10,32,6,21,4,40,4,0,,,,100,,,Locked
84511982,36,RF,★★★★,Springfield,90,2000098,24698,87902,x5,,400,400,126,70,39,31,7,0,0,40,8,0,National Match-Grade Armor-Piercing Ammo,,,100,,,Locked
84540709,20051,RF,★★★★,FF FN49 Mod,115,10099532,0,0,x5,Mod3,475,475,137,73,38,34,7,0,0,40,10,10,,Fire Selector,,200,Oathed,2020-06-18 10:08,Locked
84544677,20154,SG,★★★★,M500 Mod,115,10084260,0,0,x5,Mod3,1345,1345,38,14,12,29,6,22,4,40,10,10,Type 3 Armor Plate,Shotgun Flash Shells,MGP Upgrade Kit,200,Oathed,2021-10-01 13:19,Locked
84545313,20001,HG,★★★★★,SAA Mod,115,10083300,-,-,x5,Mod2,410,410,41,55,87,50,15,0,0,20,10,10,,,,150,Oathed,2022-05-12 10:13,Locked
84554792,20097,HG,★★★★★★,M950A Mod,115,10083300,0,2200000,x5,Mod3,400,400,37,66,88,72,15,0,0,20,10,10,WML & Tactical Handguard,,,195,Oathed,2022-06-03 00:04,Locked
89286494,220,HG,★★★,MP-443,1,0,0,0,x1,,35,35,13,8,10,40,15,0,0,20,1,0,,,,100,,,Locked
89292015,188,SG,★★★★★,S.A.T.8,11,6000,0,0,x2,,312,312,15,5,4,25,6,5,4,40,1,0,,,,100,,,Locked
89292717,204,RF,★★★★★,Ballista,70,714000,0,0,x4,,280,280,117,72,28,32,7,0,0,40,1,0,,,,100,,,Locked
89328656,233,HG,★★★★★,Px4 Storm,30,45000,0,0,x3,,132,132,20,28,38,43,15,0,0,20,1,0,,,,100,,,Locked
89339455,206,AR,★★★★★,AK-12,100,3263300,-,-,x5,,550,550,59,66,55,78,10,0,0,20,10,0,,,,100,,,Locked
89382150,207,AR,★★★★,CZ2000,11,6000,0,0,x2,,122,122,23,11,11,57,10,0,0,20,1,0,,,,100,,,Locked
89936765,49,RF,★★★,Type56R,1,0,0,0,x1,,47,47,41,10,6,25,7,0,0,40,2,0,,,,100,,,Locked
89963123,208,MG,★★★★★,HMG21,1,0,0,0,x1,,85,85,34,5,5,90,4,0,10,5,1,0,,,,100,,,Locked
90579714,205,AR,★★★★★,AN-94,100,3263300,-,-,x5,,580,580,58,71,51,76,10,0,0,20,10,0,,,,100,,,Locked
91001590,203,SMG,★★★★,Honey Badger,1,50,0,0,x1,,99,99,15,3,11,60,12,0,0,5,1,0,,,,100,,,Locked
92301351,172,AR,★★★★★,Am RFB,95,2574865,0,0,x5,,510,510,71,69,50,53,10,0,0,30,10,0,Am RFB Quad Rail,,,100,,,Locked
94698232,155,SG,★★★★,M590,30,45750,0,0,x3,,513,513,20,6,6,25,6,9,4,40,1,0,,,,100,,,Locked
94698367,165,SG,★★★★,M1014,1,0,0,0,x1,,138,138,13,3,3,22,6,3,4,40,1,0,,,,100,,,Locked
94698383,152,SG,★★★,M1897,1,0,0,0,x1,,127,127,15,3,3,18,6,3,4,40,2,0,,,,100,,,Locked
94854586,202,HG,★★★★,Thunder,1,0,0,0,x1,,43,43,17,8,8,24,15,0,0,40,2,0,,,,100,,,Locked
94860426,102,SMG,★★★★,UMP40,1,0,0,0,x1,,90,90,11,3,11,59,12,0,0,5,1,0,,,,100,,,Locked
94862511,28,SMG,★★★★★,Gr MP7,28,39480,0,0,x2,,252,252,18,6,28,73,12,0,0,5,4,0,,,,100,,,Locked
95924988,195,MG,★★★,Gr MG23,1,0,0,0,x1,,75,75,30,5,5,90,4,0,9,5,1,0,,,,100,,,Locked
96877732,209,SMG,★★★,OTs-39,1,0,0,0,x1,,96,96,12,3,11,52,12,0,0,5,1,0,,,,100,,,Locked
97616545,235,RF,★★★★,SPR A3G,90,1977000,1600,111000,x5,,410,410,129,80,30,34,7,0,0,40,1,0,,,,100,,,Locked
97883485,213,SMG,★★★★★,C-MS,96,2798624,0,0,x5,,905,905,33,16,76,85,12,0,0,5,10,0,,,,100,,,Locked
99642201,230,RF,★★★,OBR,1,0,0,0,x1,,41,41,45,11,5,25,7,0,0,40,1,0,,,,100,,,Locked
100629843,210,HG,★★★,CZ52,1,0,0,0,x1,,38,38,13,8,10,36,15,0,0,20,2,0,,,,100,,,Locked
103601559,217,RF,★★★,SM-1,1,0,0,0,x1,,41,41,37,11,6,27,7,0,0,40,2,0,,,,100,,,Locked
103919916,225,SMG,★★★★,Cx4 Storm,1,0,0,0,x1,,90,90,14,3,11,44,12,0,0,5,1,0,,,,100,,,Locked
104368949,59,SMG,★★★★★,AK-74U,2,225,0,0,x1,,98,98,16,4,12,60,12,0,0,5,1,0,,,,100,,,Locked
104620173,239,AR,★★★,Type03,1,0,0,0,x1,,58,58,21,8,7,50,10,0,0,20,1,0,,,,100,,,Locked
106032262,226,RF,★★★★,Mk 12,11,6000,0,0,x2,,90,90,46,19,8,33,7,0,0,40,4,0,,,,100,,,Locked
106869448,243,AR,★★★★★,64 Shiki,90,2066000,90600,22000,x5,,590,590,66,60,41,60,10,0,0,20,8,0,VFL 6-24X56,16Lab High-Velocity Ammo,IOP X4 Exoskeleton,100,,,Locked
106869534,231,RF,★★★★★,M82A1,1,0,0,0,x1,,44,44,57,10,5,22,7,0,0,40,1,0,,,,100,,,Locked
107063093,229,SG,★★★★★,M870,10,5250,0,0,x2,,288,288,16,4,4,21,6,5,4,40,4,0,,,,100,,,Locked
107452879,4,HG,★★★★★,Python,100,3263300,-,-,x5,,350,350,42,86,87,49,15,0,0,40,10,0,,,,100,,,Locked
108958755,199,MG,★★★★,Type80,30,45050,0,0,x3,,336,336,59,13,11,94,4,0,10,5,4,0,,,,150,Oathed,2021-03-10 19:16,Locked
108965480,198,RF,★★★★★,Carcano M91/38,94,2462835,16135,110565,x5,,350,350,147,90,45,34,7,0,0,40,10,0,M1022 Sniper Rounds,VFL 6-24X56,Thermoptic Camouflage Cape,100,,,Locked
109373403,23,SMG,★★★★,PP-90,1,0,0,0,x1,,80,80,10,3,12,65,12,0,0,5,1,0,,,,100,,,Locked
109423365,227,AR,★★★★,A-91,1,0,0,0,x1,,57,57,20,8,6,51,10,0,0,20,4,0,,,,100,,,Locked
110044392,256,RF,★★★,Falcon,1,0,0,0,x1,,44,44,54,10,5,22,7,0,0,40,2,0,,,,100,,,Locked
110044819,269,HG,★★★★,Gr P30,30,45000,600,3600,x3,,135,135,19,26,35,43,15,0,0,20,1,0,,,,100,,,Locked
110536791,218,SMG,★★★,T77,1,0,0,0,x1,,93,93,11,3,11,66,12,0,0,5,1,0,,,,100,,,Locked
110687596,142,HG,★★★★★,Five-seven,90,2067399,0,0,x5,,300,300,31,55,93,64,15,0,0,20,10,0,,,,100,,,Locked
111355713,142,HG,★★★★★,Five-seven,1,0,0,0,x1,,32,32,12,8,13,44,15,0,0,20,1,0,,,,100,,,Locked
111731159,183,HG,★★★★★,Contender,100,3263300,-,-,x5,,330,330,49,90,87,44,15,0,0,40,10,0,,,,100,,,Locked
112356289,270,RF,★★★★,4 Shiki,90,1980240,0,0,x5,,400,400,111,71,35,38,7,0,0,40,8,0,,,,100,,,Locked
113335504,38,RF,★★★,M21,1,0,0,0,x1,,47,47,48,11,5,24,7,0,0,40,1,0,,,,100,,,Locked
113577620,223,AR,★★★,Model L,1,0,0,0,x1,,55,55,20,7,7,50,10,0,0,20,1,0,,,,100,,,Locked
113735849,234,SMG,★★★★★,JS 9,91,2194692,0,0,x5,,860,860,28,15,84,87,12,0,0,5,10,0,,,,100,,,Locked
114074680,241,RF,★★★,RT-20,1,0,0,0,x1,,45,45,59,11,5,18,7,0,0,40,1,0,,,,100,,,Locked
115349245,1009,HG,★★★★★,El Clear,90,1980000,0,0,x5,,315,315,31,59,84,59,15,0,0,20,10,0,Glorylight,,,100,,,Locked
115523125,1010,HG,★★★★★,El Fail,11,6120,0,0,x2,,74,74,14,14,19,42,15,0,0,20,4,0,,,,100,,,Locked
117164459,112,MG,★★★★★,Negev,91,2178162,0,0,x5,,830,830,83,34,35,134,4,0,9,5,8,0,Mk211 High-Explosive Armor-Piercing Ammo,VFL 6-24X56,IOP Maximum Ammo Box,100,,,Locked
119723817,232,HG,★★★,MP-448,1,0,0,0,x1,,32,32,10,9,13,40,15,0,0,20,1,0,,,,100,,,Locked
119910797,266,RF,★★★★★,R93,97,2925808,87908,49992,x5,,400,400,137,99,35,38,7,0,0,40,10,0,M1022 Sniper Rounds,VFL 6-24X56,Thermoptic Camouflage Cape,100,,,Locked
120646904,205,AR,★★★★★,AN-94,70,705000,0,0,x4,,392,392,46,52,37,68,10,0,0,20,4,0,,,,100,,,Locked
121098832,171,AR,★★★★,Ribeyrolles,90,1977000,0,0,x5,,525,525,62,42,38,61,10,0,0,20,8,0,,,,100,,,Locked
121528543,194,AR,★★★★★,K2,90,1977000,0,0,x5,,605,605,50,49,41,76,10,0,0,20,8,0,,,,100,,,Locked
123597721,244,HG,★★★,TEC-9,1,0,0,0,x1,,42,42,12,8,10,44,15,0,0,20,2,0,,,,100,,,Locked
123794975,255,RF,★★★,Scout,1,0,0,0,x1,,45,45,46,11,6,24,7,0,0,40,2,0,,,,100,,,Locked
124318105,233,HG,★★★★★,Px4 Storm,1,0,0,0,x1,,34,34,13,9,12,37,15,0,0,20,1,0,,,,100,,,Locked
124318107,233,HG,★★★★★,Px4 Storm,11,6000,0,0,x2,,76,76,16,16,21,39,15,0,0,20,1,0,,,,100,,,Locked
124318972,260,HG,★★★★★,PA-15,13,8016,216,1084,x2,,78,78,16,16,19,45,15,0,0,20,1,0,,,,100,,,Locked
124860680,262,AR,★★★★,EM-2,90,1977060,0,0,x5,,565,565,56,47,47,60,10,0,0,20,8,0,,,,100,,,Locked
125290024,20122,AR,★★★★★★,Gr G11 Mod,115,10378702,295402,1904598,x5,Mod3,620,620,55,55,51,97,10,0,0,20,10,10,VFL 6-24X56,APCR High-Velocity Ammo,G-box,200,Oathed,2021-05-06 16:56,Locked
125811890,250,HG,★★★★★,HS2000,100,3263300,-,-,x5,,360,360,35,65,92,62,15,0,0,20,10,0,,,,100,,,Locked
125997937,20252,RF,★★★★★,KSVK Mod,115,10083300,0,0,x5,Mod3,450,450,189,99,36,32,7,0,0,40,10,10,12.7mm 1SL,,,200,Oathed,2020-12-28 10:57,Locked
126296985,254,MG,★★★★,UKM-2000,1,0,0,0,x1,,85,85,37,5,5,81,4,0,11,5,2,0,,,,100,,,Locked
126340040,253,MG,★★★★★,Lewis,10,4860,0,0,x2,,208,208,44,8,8,80,4,0,10,5,4,0,,,,100,,,Locked
126348893,242,HG,★★★★★,P22,1,0,0,0,x1,,35,35,11,9,14,41,15,0,0,20,1,0,,,,100,,,Locked
126368737,242,HG,★★★★★,P22,1,0,0,0,x1,,35,35,11,9,14,41,15,0,0,20,1,0,,,,100,,,Locked
126458014,242,HG,★★★★★,P22,90,2033720,0,0,x5,,330,330,28,63,107,60,15,0,0,20,10,0,,,,100,,,Locked
126498942,251,SMG,★★★★★,X95,11,6000,0,0,x2,,214,214,18,5,17,67,12,0,0,5,1,0,,,,100,,,Locked
126516956,242,HG,★★★★★,P22,1,0,0,0,x1,,35,35,11,9,14,41,15,0,0,20,1,0,,,,100,,,Locked
126534141,242,HG,★★★★★,P22,100,3263300,-,-,x5,,350,328,30,70,116,62,15,0,0,20,10,0,AC4 Suppressor,16Lab Hollow-Point,IOP T4 Exoskeleton,100,,,Locked
126537266,242,HG,★★★★★,P22,94,2500022,0,0,x5,,340,340,29,66,110,61,15,0,0,20,10,0,,,,100,,,Locked
126694290,142,HG,★★★★★,Five-seven,11,6000,0,0,x2,,70,70,14,13,23,47,15,0,0,20,1,0,,,,100,,,Locked
126740036,157,SG,★★★★★,Am KSG,90,1993970,0,0,x5,,1205,1205,30,13,12,29,6,22,5,40,8,0,,#7.5 Birdshot,ITI MARS,100,,,Locked
126856364,242,HG,★★★★★,P22,99,3164539,46939,98761,x5,,345,345,30,69,115,62,15,0,0,20,10,0,AC4 Suppressor,ILM Hollow-Point Ammo,IOP T4 Exoskeleton,100,,,Locked
126990299,242,HG,★★★★★,P22,90,2004052,0,0,x5,,330,330,28,63,107,60,15,0,0,20,10,0,,,,100,,,Locked
127975522,250,HG,★★★★★,HS2000,100,3263300,-,-,x5,,360,360,35,65,92,62,15,0,0,20,10,0,,,,100,,,Locked
128190726,258,AR,★★★,Magal,1,0,0,0,x1,,58,58,17,7,6,46,10,0,0,20,2,0,,,,100,,,Locked
128449062,250,HG,★★★★★,HS2000,94,2462024,15324,111376,x5,,350,350,34,61,87,60,15,0,0,20,10,0,AC4 Suppressor,16Lab Hollow-Point,IOP T4 Exoskeleton,100,,,Locked
128644508,250,HG,★★★★★,HS2000,1,0,0,0,x1,,36,36,13,9,12,42,15,0,0,20,1,0,,,,100,,,Locked
129131681,265,AR,★★★,Gr HK33,1,0,0,0,x1,,53,53,19,8,7,50,10,0,0,20,2,0,,,,100,,,Locked
129257580,250,HG,★★★★★,HS2000,1,0,0,0,x1,,36,36,13,9,12,42,15,0,0,20,1,0,,,,100,,,Locked
129314160,164,SG,★★★★★,FP-6,10,5250,0,0,x2,,284,284,16,4,4,21,6,5,4,40,1,0,,,,100,,,Locked
129314161,250,HG,★★★★★,HS2000,1,0,0,0,x1,,36,36,13,9,12,42,15,0,0,20,1,0,,,,100,,,Locked
129781742,250,HG,★★★★★,HS2000,1,0,0,0,x1,,36,36,13,9,12,42,15,0,0,20,1,0,,,,100,,,Locked
131317324,4,HG,★★★★★,Python,90,1980265,0,0,x5,,330,330,39,78,79,47,15,0,0,40,10,0,,,,100,,,Locked
131584810,257,RF,★★★★★,M200,90,1977000,0,0,x5,,420,420,142,93,31,33,7,0,0,40,4,0,,,,100,,,Locked
131718180,4,HG,★★★★★,Python,1,0,0,0,x1,,35,35,14,10,10,31,15,0,0,40,4,0,,,,100,,,Locked
132143004,267,SMG,★★★,MP41,1,0,0,0,x1,,97,97,12,3,9,52,12,0,0,5,2,0,,,,100,,,Locked
132406008,4,HG,★★★★★,Python,11,6000,0,0,x2,,78,78,17,18,18,33,15,0,0,40,1,0,,,,100,,,Locked
133488635,4,HG,★★★★★,Python,67,615000,0,0,x3,,174,174,33,60,61,43,15,0,0,40,1,0,,,,100,,,Locked
134932305,277,HG,★★★,Gr VP70,1,0,0,0,x1,,33,33,12,8,10,40,15,0,0,20,1,0,,,,100,,,Locked
135099093,183,HG,★★★★★,Contender,11,6000,0,0,x2,,74,74,19,18,18,29,15,0,0,40,1,0,,,,100,,,Locked
135099859,206,AR,★★★★★,AK-12,30,45000,0,0,x3,,216,216,31,25,21,59,10,0,0,20,1,0,,,,100,,,Locked
135103952,288,AR,★★★★,CR-21,90,1977000,0,0,x5,,525,525,48,51,41,78,10,0,0,20,8,0,,,,100,,,Locked
135104091,287,AR,★★★★★,SIG-556,90,2012001,36601,75999,x5,,575,575,51,45,44,73,10,0,0,20,8,0,,,,100,,,Locked
135192910,137,SMG,★★★★,PP-19-01,30,45000,0,0,x3,,378,378,17,7,29,68,12,0,0,5,1,0,,,,100,,,Locked
135192921,286,SMG,★★★★,K-PDW,90,1977000,1600,111000,x5,,855,855,33,14,69,79,12,0,0,5,8,0,,,,100,,,Locked
135193817,285,HG,★★★★★,C-93,90,1979440,0,0,x5,,300,300,33,60,94,62,15,0,0,20,10,0,,,,100,,,Locked
136245090,261,RF,★★★★★,QBU-88,30,45000,0,0,x3,,165,165,71,35,17,32,7,0,0,40,1,0,,,,100,,,Locked
136422086,268,RF,★★★,T-CMS,1,0,0,0,x1,,44,44,48,11,5,25,7,0,0,40,2,0,,,,100,,,Locked
138126362,1024,RF,★★★★★,Rico,99,3119486,0,0,x5,,395,395,136,83,35,37,7,0,0,40,10,0,,,Duelling Cards,100,,,Locked
138515972,1025,SG,★★★★★,Triela,64,540780,0,0,x3,,621,621,31,10,9,24,6,14,4,40,8,0,Type 2 Armor Plate,Bayonet,,100,,,Locked
138527872,266,RF,★★★★★,R93,1,0,0,0,x1,,41,41,47,12,5,25,7,0,0,40,1,0,,,,100,,,Locked
138544589,1023,SMG,★★★★★,Henrietta,1,0,0,0,x1,,96,96,12,3,12,63,12,0,0,5,4,0,,,,100,,,Locked
138659212,1027,AR,★★★★★,Angelica,1,0,0,0,x1,,61,61,20,8,7,50,10,0,0,30,1,0,,,,100,,,Locked
138852016,1027,AR,★★★★★,Angelica,91,2123185,0,0,x5,,580,580,55,55,45,73,10,0,0,30,8,0,,,Fairy Tale Picture Books,100,,,Locked
138960090,271,MG,★★★,K3,1,0,0,0,x1,,83,83,30,5,6,90,4,0,9,5,1,0,,,,100,,,Locked
139121705,1026,MG,★★★★★,Claes,1,0,0,0,x1,,79,79,28,5,5,90,4,0,8,5,1,0,,,,100,,,Locked
139474095,224,SMG,★★★★★,PM-06,1,0,0,0,x1,,96,96,12,3,11,57,12,0,0,5,1,0,,,,100,,,Locked
139546767,1027,AR,★★★★★,Angelica,1,0,0,0,x1,,61,61,20,8,7,50,10,0,0,30,1,0,,,,100,,,Locked
139791605,1027,AR,★★★★★,Angelica,1,0,0,0,x1,,61,61,20,8,7,50,10,0,0,30,4,0,,,,100,,,Locked
141995242,279,AR,★★★,INSAS,1,0,0,0,x1,,55,55,19,8,7,48,10,0,0,20,1,0,,,,100,,,Locked
142347474,278,SG,★★★,Six12,11,6000,0,0,x2,,268,268,17,5,5,22,6,4,4,40,2,0,,,,100,,,Locked
143185000,60,AR,★★★★,AS Val,90,1977000,0,0,x5,,630,630,39,45,48,73,10,0,0,20,8,0,,,,100,,,Locked
143185685,20,SMG,★★★★★,Vector,1,0,0,0,x1,,93,93,13,3,11,71,12,0,0,5,1,0,,,,100,,,Locked
143314875,20,SMG,★★★★★,Vector,1,0,0,0,x1,,93,93,13,3,11,71,12,0,0,5,4,0,,,,100,,,Locked
143690409,275,MG,★★★★,M1895 CB,90,1980120,0,0,x5,,905,905,89,26,23,127,4,0,10,5,10,0,,,,100,,,Locked
143760525,274,AR,★★★★★,ACR,30,45000,0,0,x3,,225,225,31,21,20,58,10,0,0,30,1,0,,,,100,,,Locked
143784947,272,HG,★★★★★,Desert Eagle,92,2297006,0,0,x5,,350,350,41,56,65,54,15,0,0,40,10,0,,,,100,,,Locked
143787331,163,SG,★★★★★,AA-12,10,4500,0,0,x2,,294,294,15,4,4,29,6,5,5,40,4,0,,,,100,,,Locked
144629561,274,AR,★★★★★,ACR,1,0,0,0,x1,,58,58,18,6,6,50,10,0,0,30,1,0,,,,50,,,
145173184,276,MG,★★★★★,Kord,95,2653149,0,0,x5,,965,965,112,23,21,109,4,0,9,5,10,0,Mk211 High-Explosive Armor-Piercing Ammo,EOT 518,,100,,,Locked
145268326,284,RF,★★★,Zas M76,1,0,0,0,x1,,42,42,42,11,6,25,7,0,0,40,2,0,,,,100,,,Locked
145286006,276,MG,★★★★★,Kord,100,3263300,-,-,x5,,990,990,115,24,23,110,4,0,9,5,10,0,Mk211 High-Explosive Armor-Piercing Ammo,EOT 518,IOP Maximum Ammo Box,100,,,Locked
145328462,273,RF,★★★★,SSG3000,11,6000,0,0,x2,,98,98,57,18,8,27,7,0,0,40,4,0,,,,100,,,Locked
145552232,136,SMG,★★★★,PP-19,30,45000,0,0,x3,,342,342,16,7,31,71,12,0,0,5,1,0,,,,100,,,Locked
147890369,291,SMG,★★★,43M,2,150,0,0,x1,,94,94,13,4,9,61,12,0,0,5,2,0,,,,100,,,Locked
148312304,65,AR,★★★★★,416,70,704930,0,0,x4,,412,412,45,36,35,69,10,0,0,20,1,0,,,,100,,,Locked
149467254,1029,AR,★★★★★,Agent 416,92,2302834,0,0,x5,,585,585,52,46,44,74,10,0,0,20,8,0,ACOG (4X),556 High-Velocity Ammo (Explosive),416's Go-Bag,100,,,Locked
150389219,78,MG,★★★★,M60,30,45000,0,0,x3,,354,354,54,12,12,87,4,0,9,5,1,0,,,,100,,,Locked
150824239,1028,SMG,★★★★★,Agent Vector,98,3074287,98487,43313,x5,,915,915,32,12,74,100,12,0,0,5,10,0,Go-Bag "V",.45 Hollow Point Ammo (Incendiary),Osprey 45 Silencer,100,,,Locked
151204578,299,SG,★★★,HSM10,1,0,0,0,x1,,124,124,14,3,3,19,6,3,4,40,2,0,,,,100,,,Locked
151390517,119,AR,★★★★★,OTs-14,30,45000,0,0,x3,,216,216,29,23,23,58,10,0,0,20,1,0,,,,100,,,Locked
152259107,298,AR,★★★,Vepr,1,0,0,0,x1,,55,55,18,7,7,48,10,0,0,20,2,0,,,,100,,,Locked
153154132,198,RF,★★★★★,Carcano M91/38,90,2086707,0,0,x5,,345,345,143,87,42,33,7,0,0,40,10,0,,,,100,,,Locked
153258972,264,MG,★★★★,Chauchat,11,6000,0,0,x2,,192,192,46,8,8,57,4,0,9,5,1,0,,,,100,,,Locked
153260091,306,AR,★★★★★,AK-Alfa,90,1976500,0,0,x5,,550,550,55,52,50,72,10,0,0,20,8,0,,,,100,,,Locked
153529482,300,MG,★★★,CAR,1,0,0,0,x1,,83,83,36,5,5,76,4,0,8,5,2,0,,,,100,,,Locked
153687135,121,MG,★★★★,Mk48,1,0,0,0,x1,,87,87,38,5,5,80,4,0,10,5,1,0,,,,100,,,Locked
153738688,177,SMG,★★★★,KLIN,1,0,0,0,x1,,96,96,10,2,11,68,12,0,0,5,1,0,,,,50,,,
153951718,259,SMG,★★★★★,PM-9,1,0,0,0,x1,,88,88,11,3,11,68,12,0,0,5,1,0,,,,100,,,Locked
153953110,85,MG,★★★★,PK,30,45000,0,0,x3,,369,369,57,10,10,66,4,0,11,5,4,0,,,,100,,,Locked
154381365,238,MG,★★★★★,QJY-88,90,1985685,0,0,x5,,785,785,84,32,34,122,4,0,10,5,8,0,Mk211 High-Explosive Armor-Piercing Ammo,16Lab MARS,IOP Maximum Ammo Box,100,,,Locked
154677192,307,MG,★★★★★,ZB-26,13,8400,0,0,x2,,204,204,45,9,9,81,4,0,9,5,8,0,,,,100,,,Locked
155023277,305,RF,★★★★,Tabuk,90,1977000,0,0,x5,,400,400,114,78,35,38,7,0,0,40,4,0,,,,100,,,Locked
155847086,301,SMG,★★★,MAS-38,1,0,0,0,x1,,96,96,11,3,11,57,12,0,0,5,2,0,,,,100,,,Locked
156364793,296,RF,★★★★★,Gr SL8,90,1986170,0,0,x5,,405,405,118,75,38,40,7,0,0,40,8,0,,,,100,,,Locked
156598643,282,SG,★★★★★,DP-12,28,39480,0,0,x2,,322,322,19,6,6,24,6,8,5,40,4,0,,,,100,,,Locked
156738256,109,MG,★★★★★,Gr MG5,90,1976250,0,0,x5,,940,940,83,27,27,116,4,0,11,5,8,0,,,,100,,,Locked
157077542,294,HG,★★★★★,Webley,91,2110850,0,0,x5,,410,410,29,63,78,55,15,0,0,20,10,0,,,,100,,,Locked
157302601,292,MG,★★★★★,RPK-16,30,46500,0,0,x3,,321,321,48,15,15,97,4,0,10,5,8,0,,,,100,,,Locked
157591478,245,SMG,★★★★★,P90,91,2114477,0,0,x5,,910,910,31,15,80,90,12,0,0,5,10,0,,,,100,,,Locked
157886232,280,SMG,★★★★,MAT-49,11,6000,0,0,x2,,204,204,14,5,17,57,12,0,0,5,1,0,,,,100,,,Locked
158013646,263,MG,★★★★★,Gr MG36,1,0,0,0,x1,,91,91,30,5,5,83,4,0,10,5,1,0,,,,100,,,Locked
158995533,309,HG,★★★,WKp,1,0,0,0,x1,,40,40,15,7,9,29,15,0,0,20,2,0,,,,100,,,Locked
159033621,196,AR,★★★★★,Zas M21,30,45000,0,0,x3,,237,237,32,20,17,57,10,0,0,20,1,0,,,,100,,,Locked
159141951,289,AR,★★★★★,R5,1,0,0,0,x1,,62,62,21,8,7,51,10,0,0,20,1,0,,,,100,,,Locked
159203769,181,AR,★★★★★,T91,90,1977000,1600,111000,x5,,585,585,51,44,45,74,10,0,0,20,8,0,16Lab Infrared Designator,APCR High-Velocity Ammo,IOP X4 Exoskeleton,100,,,Locked
159243698,297,AR,★★★★,FI M82,90,1976500,0,0,x5,,535,535,50,44,45,72,10,0,0,20,8,0,,,,100,,,Locked
159322471,295,SMG,★★★★,CF-05,30,45000,0,0,x3,,369,369,16,7,31,69,12,0,0,5,4,0,,,,100,,,Locked
159353668,251,SMG,★★★★★,X95,1,0,0,0,x1,,97,97,14,2,10,64,12,0,0,5,1,0,,,,50,,,
160246460,214,AR,★★★★★,ADS,90,1977000,0,0,x5,,575,575,49,52,44,75,10,0,0,20,8,0,,,,100,,,Locked
161482017,196,AR,★★★★★,Zas M21,30,45000,0,0,x3,,237,237,32,20,17,57,10,0,0,20,1,0,,,,100,,,Locked
161646266,314,AR,★★★,StG-940,1,0,0,0,x1,,55,55,19,7,7,47,10,0,0,20,1,0,,,,100,,,Locked
162298943,303,HG,★★★★★,HP-35,90,1976250,0,0,x5,,365,365,31,61,86,56,15,0,0,20,10,0,,,,100,,,Locked
162483302,311,SMG,★★★★★,Lusa,90,1976250,0,0,x5,,970,970,29,13,67,91,12,0,0,5,10,0,,,,100,,,Locked
162876273,304,SMG,★★★★,SAF,1,0,0,0,x1,,90,90,11,3,11,70,12,0,0,5,3,0,,,,100,,,Locked
163508603,172,AR,★★★★★,Am RFB,30,47250,0,0,x3,,204,204,38,27,19,40,10,0,0,30,1,0,,,,100,,,Locked
163751159,320,RF,★★★,GM6 Lynx,1,0,0,0,x1,,42,42,54,11,5,23,7,0,0,40,1,0,,,,100,,,Locked
164620647,1010,HG,★★★★★,El Fail,1,0,0,0,x1,,33,33,11,8,11,39,15,0,0,20,1,0,,,,100,,,Locked
165759181,321,SG,★★★,TS12,1,0,0,0,x1,,121,121,14,3,3,21,6,3,3,40,1,0,,,,100,,,Locked
165791166,1009,HG,★★★★★,El Clear,1,0,0,0,x1,,33,33,11,8,11,39,15,0,0,20,1,0,,,,100,,,Locked
167258395,325,SG,★★★★,PM5,11,6000,0,0,x2,,262,262,17,4,5,21,6,4,5,40,4,0,,,,100,,,Locked
167258396,189,SG,★★★★,USAS-12,1,0,0,0,x1,,130,130,13,3,3,26,6,3,5,40,1,0,,,,100,,,Locked
167516464,322,HG,★★★,QSB-91,1,0,0,0,x1,,35,35,14,9,10,36,15,0,0,20,1,0,,,,100,,,Locked
167804323,340,AR,★★★★★,TKB-408,90,1977000,0,0,x5,,550,550,54,50,47,70,10,0,0,20,8,0,,,,100,,,Locked
167889840,167,HG,★★★,Gr HK45,29,41080,0,0,x2,,86,86,20,24,33,43,15,0,0,20,2,0,,,,100,,,Locked
168398383,252,RF,★★★★,KSVK,1,0,0,0,x1,,44,44,54,9,4,20,7,0,0,40,1,0,,,,50,,,
169075002,65,AR,★★★★★,416,1,0,0,0,x1,,61,61,19,6,6,52,10,0,0,20,1,0,,,,50,,,
169191125,329,RF,★★★★★,SVCh,1,0,0,0,x1,,44,44,52,12,5,23,7,0,0,40,4,0,,,,100,,,Locked
169191195,337,RF,★★★★★,De Lisle,90,1977000,0,0,x5,,485,485,107,83,37,35,7,0,0,40,8,0,,,,100,,,Locked
169351900,130,AR,★★★★★,Type97,1,0,0,0,x1,,58,58,19,6,6,48,10,0,0,20,1,0,,,,50,,,
169786511,327,SMG,★★★,SUB-2000,1,0,0,0,x1,,97,97,11,3,10,59,12,0,0,5,2,0,,,,100,,,Locked
169960667,156,SG,★★★★,Super-Shorty,1,0,0,0,x1,,121,121,11,3,4,20,6,3,3,40,1,0,,,,100,,,Locked
169960668,155,SG,★★★★,M590,1,0,0,0,x1,,132,132,13,2,2,22,6,3,4,40,1,0,,,,50,,,
170990211,1033,MG,★★★★★,Hanazono Yurine,1,0,0,100,x1,,91,91,36,5,4,87,4,0,10,5,1,0,,,,100,,,Locked
171181567,308,RF,★★★,C14,1,0,0,0,x1,,47,47,50,11,5,22,7,0,0,40,2,0,,,,100,,,Locked
171183124,1030,SMG,★★★★★,Jashin-chan,1,0,0,0,x1,,102,102,10,3,10,54,12,0,0,5,1,0,,,,100,,,Locked
171185207,250,HG,★★★★★,HS2000,1,0,0,0,x1,,36,36,12,8,11,42,15,0,0,20,1,0,,,,50,,,
171186507,250,HG,★★★★★,HS2000,1,0,0,0,x1,,36,36,12,8,11,42,15,0,0,20,1,0,,,,50,,,
171201269,1031,RF,★★★★★,Pekola,90,1977000,0,0,x5,,420,420,123,77,39,36,7,0,0,40,10,0,,,,100,,,Locked
171294261,1034,SG,★★★★★,Minos,1,0,0,0,x1,,143,143,16,3,3,17,6,3,4,40,4,0,,,,100,,,Locked
171296979,272,HG,★★★★★,Desert Eagle,1,0,0,0,x1,,37,37,15,8,9,36,15,0,0,40,1,0,,,,100,,,Locked
171297722,1034,SG,★★★★★,Minos,1,0,0,0,x1,,143,143,15,2,2,17,6,3,4,40,1,0,,,,50,,,
171339342,1032,AR,★★★★★,Medusa,1,0,0,0,x1,,61,61,21,8,7,48,10,0,0,30,1,0,,,,100,,,Locked
172284166,272,HG,★★★★★,Desert Eagle,30,45000,0,0,x3,,141,141,24,24,27,42,15,0,0,40,1,0,,,,100,,,Locked
172555119,310,HG,★★★★,Rex Zero 1,1,0,0,0,x1,,35,35,13,9,11,42,15,0,0,20,4,0,,,,100,,,Locked
172555566,257,RF,★★★★★,M200,1,0,0,0,x1,,44,44,49,11,4,22,7,0,0,40,1,0,,,,50,,,
172715955,130,AR,★★★★★,Type97,1,0,0,0,x1,,58,58,19,6,6,48,10,0,0,20,1,0,,,,50,,,
172866365,293,AR,★★★★★,AK-15,64,531000,0,0,x3,,270,270,47,38,37,68,10,0,0,20,4,0,,,,100,,,Locked
173031765,250,HG,★★★★★,HS2000,1,0,0,0,x1,,36,36,12,8,11,42,15,0,0,20,1,0,,,,50,,,
173384704,290,AR,★★★★★,89 Shiki,90,1977000,0,0,x5,,575,575,53,46,44,77,10,0,0,20,8,0,,,,100,,,Locked
173464813,307,MG,★★★★★,ZB-26,1,0,0,0,x1,,91,91,34,4,4,76,4,0,9,5,1,0,,,,50,,,
173523956,198,RF,★★★★★,Carcano M91/38,1,0,0,0,x1,,37,37,50,11,6,22,7,0,0,40,4,0,,,,100,,,Locked
174342493,242,HG,★★★★★,P22,1,0,0,0,x1,,35,35,10,8,13,41,15,0,0,20,1,0,,,,50,,,
174567493,242,HG,★★★★★,P22,1,0,0,0,x1,,35,35,10,8,13,41,15,0,0,20,1,0,,,,50,,,
174796907,242,HG,★★★★★,P22,1,0,0,0,x1,,35,35,10,8,13,41,15,0,0,20,1,0,,,,50,,,
175111764,242,HG,★★★★★,P22,1,0,0,0,x1,,35,35,10,8,13,41,15,0,0,20,1,0,,,,50,,,
175439425,266,RF,★★★★★,R93,1,0,0,0,x1,,41,41,47,12,5,25,7,0,0,40,1,0,,,,100,,,Locked
176015850,295,SMG,★★★★,CF-05,1,0,0,0,x1,,96,96,10,2,10,61,12,0,0,5,1,0,,,,50,,,
176312246,295,SMG,★★★★,CF-05,1,0,0,0,x1,,96,96,10,2,10,61,12,0,0,5,1,0,,,,50,,,
176753770,315,SMG,★★★★★,AUG Para,90,1977000,0,0,x5,,880,880,30,15,80,86,12,0,0,5,8,0,,,,100,,,Locked
176753820,303,HG,★★★★★,HP-35,1,0,0,0,x1,,38,38,12,9,12,38,15,0,0,20,1,0,,,,100,,,Locked
177038951,303,HG,★★★★★,HP-35,1,0,0,0,x1,,38,38,12,9,12,38,15,0,0,20,1,0,,,,100,,,Locked
177353911,281,SG,★★★★★,CAWS,1,0,0,0,x1,,124,124,13,3,3,25,6,3,5,40,1,0,,,,100,,,Locked
177748646,319,MG,★★★★,PM1910,1,0,0,0,x1,,95,95,36,5,5,72,4,0,10,5,1,0,,,,100,,,Locked
177809892,318,AR,★★★★★,VHS,90,1977000,0,0,x5,,550,550,56,52,46,75,10,0,0,20,8,0,,,,100,,,Locked
177877679,261,RF,★★★★★,QBU-88,1,0,0,0,x1,,42,42,42,10,5,27,7,0,0,40,1,0,,,,50,,,
177890455,316,RF,★★★★★,General Liu,90,1977000,0,0,x5,,380,380,136,84,29,38,7,0,0,40,10,0,,,,100,,,Locked
177961642,272,HG,★★★★★,Desert Eagle,1,0,0,0,x1,,37,37,14,7,8,36,15,0,0,40,1,0,,,,50,,,
177975177,316,RF,★★★★★,General Liu,1,0,0,0,x1,,40,40,50,11,5,26,7,0,0,40,4,0,,,,100,,,Locked
178040556,317,RF,★★★★,Mondragon M1908,90,1977000,0,0,x5,,400,400,111,71,33,39,7,0,0,40,8,0,,,,100,,,Locked
178113670,323,SG,★★★★★,LTLX7000,90,1977000,0,0,x5,,1305,1305,24,14,11,28,6,23,5,40,10,0,,,,100,,,Locked
178430346,313,AR,★★★★★,S-ACR,1,0,0,0,x1,,62,62,17,7,6,61,10,0,0,20,4,0,,,,100,,,Locked
178472636,196,AR,★★★★★,Zas M21,1,0,0,0,x1,,61,61,19,6,5,49,10,0,0,20,1,0,,,,50,,,
178472727,330,AR,★★★★,FX-05,30,45000,0,0,x3,,216,216,32,23,19,53,10,0,0,20,4,0,,,,100,,,Locked
178509645,338,AR,★★★★★,SIG MCX,90,1998000,0,0,x5,,550,550,49,55,45,80,10,0,0,20,8,0,,,,100,,,Locked
178509899,328,SMG,★★★★,AR-57,1,0,0,0,x1,,92,92,11,3,11,64,12,0,0,5,4,0,,,,100,,,Locked
178510177,228,SMG,★★★★★,100 Shiki,1,0,0,0,x1,,106,106,11,2,9,52,12,0,0,5,1,0,,,,50,,,
178525070,145,RF,★★★,OTs-44,1,0,0,0,x1,,40,40,55,9,5,21,7,0,0,40,1,0,,,,100,,,Locked
178595198,174,RF,★★★,Type81R,1,0,0,0,x1,,38,38,46,11,6,21,7,0,0,40,2,0,,,,100,,,Locked
178826461,336,SMG,★★★★,PPD-40,1,0,0,0,x1,,93,93,11,3,11,61,12,0,0,5,1,0,,,,100,,,Locked
179018083,304,SMG,★★★★,SAF,1,0,0,0,x1,,90,90,10,2,10,70,12,0,0,5,1,0,,,,50,,,
179094269,294,HG,★★★★★,Webley,1,0,0,0,x1,,43,43,11,9,10,37,15,0,0,20,4,0,,,,100,,,Locked
179165782,294,HG,★★★★★,Webley,90,1977000,0,0,x5,,410,410,29,63,78,55,15,0,0,20,10,0,,,,100,,,Locked
179594740,78,MG,★★★★,M60,1,0,0,0,x1,,91,91,34,4,4,76,4,0,9,5,1,0,,,,50,,,
180220743,339,MG,★★★★★,RPK-203,90,1977000,0,0,x5,,785,785,90,33,34,120,4,0,9,5,10,0,,,,100,,,Locked
180237312,307,MG,★★★★★,ZB-26,1,0,0,0,x1,,91,91,34,4,4,76,4,0,9,5,1,0,,,,50,,,
180571331,261,RF,★★★★★,QBU-88,1,0,0,0,x1,,42,42,42,10,5,27,7,0,0,40,1,0,,,,50,,,
180571333,257,RF,★★★★★,M200,1,0,0,0,x1,,44,44,49,11,4,22,7,0,0,40,1,0,,,,50,,,
181656504,283,SG,★★★★,Liberator,1,0,0,0,x1,,116,116,14,3,3,20,6,3,4,40,1,0,,,,100,,,Locked
181656510,163,SG,★★★★★,AA-12,1,0,0,0,x1,,135,135,12,2,2,27,6,3,5,40,1,0,,,,50,,,
181656514,282,SG,★★★★★,DP-12,1,0,0,0,x1,,127,127,12,2,2,21,6,3,5,40,1,0,,,,50,,,
181696431,189,SG,★★★★,USAS-12,1,0,0,0,x1,,130,130,12,2,2,26,6,3,5,40,1,0,,,,50,,,
181726478,352,SG,★★★★,Nova,90,1977000,0,0,x5,,1255,1255,31,13,16,28,6,18,7,40,8,0,,,,100,,,Locked
181781150,1022,SG,★★★★★,Dana Zane,1,0,0,0,x1,,135,135,16,3,3,18,6,3,1,40,1,0,,,,100,,,Locked
181831042,1021,MG,★★★★★,Alma Armas,1,0,0,0,x1,,98,98,34,5,4,87,4,0,9,5,1,0,,,,100,,,Locked
182034738,1019,SMG,★★★★★,Dorothy Haze,1,0,0,0,x1,,88,88,11,3,11,52,12,0,0,5,4,0,,,,100,,,Locked
182614233,350,SG,★★★★★,FO-12,1,0,0,0,x1,,128,128,13,3,3,25,6,3,5,40,1,0,,,,100,,,Locked
182917569,257,RF,★★★★★,M200,1,0,0,0,x1,,44,44,49,11,4,22,7,0,0,40,1,0,,,,50,,,
182996957,1017,HG,★★★★★,Jill Stingray,90,1976000,0,0,x5,,380,380,30,52,92,53,15,0,0,20,10,0,,,,100,,,Locked
182997744,1018,HG,★★★★★,Sei Asagiri,1,0,0,0,x1,,43,43,12,9,11,36,15,0,0,20,1,0,,,,100,,,Locked
183126501,1020,RF,★★★★★,Stella Hoshii,1,0,0,0,x1,,45,45,42,11,5,23,7,0,0,40,4,0,,,,100,,,Locked
183206339,276,MG,★★★★★,Kord,1,0,0,0,x1,,99,99,44,4,4,76,4,0,9,5,1,0,,,,100,,,Locked
183483288,249,MG,★★★,62 Shiki,1,0,0,0,x1,,85,85,32,4,4,83,4,0,9,5,1,0,,,,50,,,Locked
183578062,42,RF,★★★★,PTRD,1,0,0,0,x1,,47,47,54,9,4,18,7,0,0,40,1,0,,,,50,,,
183767873,167,HG,★★★,Gr HK45,1,0,0,0,x1,,33,33,13,8,11,38,15,0,0,20,1,0,,,,50,,,
183810224,178,SMG,★★★,F1,1,0,0,0,x1,,106,106,10,2,8,54,12,0,0,5,2,0,,,,50,,,Locked
184655531,312,RF,★★★★★,VSK-94,1,0,0,0,x1,,44,44,48,10,5,25,7,0,0,40,4,0,,,,100,,,Locked
184866496,349,AR,★★★★,AK74M,11,6000,0,0,x2,,122,122,23,13,10,51,10,0,0,20,4,0,,,,100,,,Locked
184867622,348,RF,★★★★★,HS.50,1,0,0,0,x1,,44,44,57,11,5,22,7,0,0,40,1,0,,,,100,,,Locked
185276070,304,SMG,★★★★,SAF,1,0,0,0,x1,,90,90,10,2,10,70,12,0,0,5,1,0,,,,50,,,
185276071,336,SMG,★★★★,PPD-40,1,0,0,0,x1,,93,93,10,2,10,61,12,0,0,5,1,0,,,,50,,,
185912253,272,HG,★★★★★,Desert Eagle,1,0,0,0,x1,,37,37,14,7,8,36,15,0,0,40,1,0,,,,50,,,
185972067,198,RF,★★★★★,Carcano M91/38,1,0,0,100,x1,,37,37,47,10,5,22,7,0,0,40,4,0,,,,79,,,Locked
186049465,293,AR,★★★★★,AK-15,1,0,0,100,x1,,55,55,19,6,6,50,10,0,0,20,4,0,,,,75,,,Locked
186182807,20,SMG,★★★★★,Vector,1,0,0,0,x1,,93,93,12,2,10,71,12,0,0,5,1,0,,,,50,,,
186326856,154,SG,★★★,M500,1,0,0,100,x1,,132,132,13,2,2,21,6,3,4,40,1,0,,,,60,,,Locked
186326872,180,RF,★★★★,PzB39,1,0,0,0,x1,,42,42,50,8,4,21,7,0,0,40,1,0,,,,50,,,
186326887,323,SG,★★★★★,LTLX7000,90,1977000,1600,111000,x5,,1305,1305,22,13,10,28,6,23,5,40,4,0,,,,60,,,Locked
186354599,20,SMG,★★★★★,Vector,1,0,0,0,x1,,93,93,12,2,10,71,12,0,0,5,1,0,,,,50,,,
186475332,103,SMG,★★★★,UMP45,1,0,0,0,x1,,93,93,11,2,10,57,12,0,0,5,1,0,,,,50,,,
186570955,336,SMG,★★★★,PPD-40,1,0,0,0,x1,,93,93,10,2,10,61,12,0,0,5,1,0,,,,50,,,
